{"cameraMode":{"drawMode":0,"name":"Shaded","section":"Shading Mode"},"sceneLighting":false,"audioPlay":false,"sceneViewState":{"showFog":true,"showMaterialUpdate":false,"showSkybox":true,"showFlares":true,"showImageEffects":true,"showParticleSystems":true},"in2DMode":false,"pivot":{"x":91.29652404785156,"y":64.6236572265625,"z":873.2666015625},"rotation":{"x":0.1509205400943756,"y":-0.004446134436875582,"z":0.0006791760679334402,"w":0.9885357022285461},"size":3098.034423828125,"orthographic":false}